{
  "dixon_coles": {
    "rho": -0.13297683483404488,
    "home_advantage_multiplier": 1.1362429020788776,
    "beta_hot": 0.0002765904373740047,
    "teams": {
      "Algeria": {
        "attack": 1.0520834290881078,
        "defense": 1.0646933500871605,
        "formation": "4-3-3",
        "rank": 32
      },
      "Argentina": {
        "attack": 2.17672093497658,
        "defense": 0.5170484292459279,
        "formation": "4-3-3",
        "rank": 1
      },
      "Australia": {
        "attack": 1.202073843156623,
        "defense": 0.7345739734304739,
        "formation": "4-2-3-1",
        "rank": 25
      },
      "Austria": {
        "attack": 1.682565507850836,
        "defense": 0.8071273852613557,
        "formation": "4-2-3-1",
        "rank": 22
      },
      "Belgium": {
        "attack": 1.3707760136558518,
        "defense": 0.6648087443652061,
        "formation": "4-2-3-1",
        "rank": 8
      },
      "Bosnia and Herzegovina": {
        "attack": 0.8316827725103624,
        "defense": 1.217712199480482,
        "formation": "4-2-3-1",
        "rank": 45
      },
      "Brazil": {
        "attack": 1.8793300611719665,
        "defense": 0.6785571897899675,
        "formation": "4-2-3-1",
        "rank": 5
      },
      "Canada": {
        "attack": 0.8624095177601803,
        "defense": 1.0132280807714724,
        "formation": "3-4-2-1",
        "rank": 35
      },
      "Cape Verde": {
        "attack": 0.5784051624239087,
        "defense": 0.744175923447779,
        "formation": "4-3-3",
        "rank": 44
      },
      "Colombia": {
        "attack": 1.7847402329702842,
        "defense": 0.7128650248715467,
        "formation": "4-2-3-1",
        "rank": 14
      },
      "Croatia": {
        "attack": 1.7549024374127633,
        "defense": 0.9820831035031254,
        "formation": "4-3-3",
        "rank": 9
      },
      "Cura\u00e7ao": {
        "attack": 0.9510320708973419,
        "defense": 2.8412523621102403,
        "formation": "4-3-3",
        "rank": 48
      },
      "Czechia": {
        "attack": 0.9488746535823347,
        "defense": 1.1665561910216204,
        "formation": "3-4-1-2",
        "rank": 28
      },
      "DR Congo": {
        "attack": 0.8992785719340805,
        "defense": 0.862108140664454,
        "formation": "4-2-3-1",
        "rank": 43
      },
      "Ecuador": {
        "attack": 0.825862660742805,
        "defense": 0.6404746034111368,
        "formation": "4-3-3",
        "rank": 27
      },
      "Egypt": {
        "attack": 1.191319595895571,
        "defense": 0.9632242768413819,
        "formation": "4-3-3",
        "rank": 30
      },
      "England": {
        "attack": 2.4190151729554414,
        "defense": 0.7756051598984464,
        "formation": "4-2-3-1",
        "rank": 4
      },
      "France": {
        "attack": 2.2794988062576778,
        "defense": 0.6605744257277826,
        "formation": "4-2-3-1",
        "rank": 2
      },
      "Germany": {
        "attack": 2.1640968380526364,
        "defense": 0.8818255896651311,
        "formation": "4-2-3-1",
        "rank": 11
      },
      "Ghana": {
        "attack": 0.8658799014964847,
        "defense": 1.184391299713523,
        "formation": "4-2-3-1",
        "rank": 46
      },
      "Haiti": {
        "attack": 0.5587494038698858,
        "defense": 1.3313975299974723,
        "formation": "4-2-3-1",
        "rank": 49
      },
      "Iran": {
        "attack": 1.1358575013271572,
        "defense": 1.369377758563586,
        "formation": "4-2-3-1",
        "rank": 20
      },
      "Iraq": {
        "attack": 0.7367390736900733,
        "defense": 1.574569844289881,
        "formation": "4-2-3-1",
        "rank": 40
      },
      "Ivory Coast": {
        "attack": 1.203749620377524,
        "defense": 0.6311638809082483,
        "formation": "4-3-3",
        "rank": 33
      },
      "Japan": {
        "attack": 1.7358755190671415,
        "defense": 0.7816363285690693,
        "formation": "4-2-3-1",
        "rank": 19
      },
      "Jordan": {
        "attack": 0.9713084973873265,
        "defense": 1.569655008971023,
        "formation": "3-4-2-1",
        "rank": 41
      },
      "Mexico": {
        "attack": 1.2177197707325396,
        "defense": 0.8883263245340812,
        "formation": "4-2-3-1",
        "rank": 36
      },
      "Morocco": {
        "attack": 1.30411898835819,
        "defense": 0.602200796832261,
        "formation": "4-3-3",
        "rank": 13
      },
      "Netherlands": {
        "attack": 1.9968667307067176,
        "defense": 0.8604230081432883,
        "formation": "3-4-3",
        "rank": 7
      },
      "New Zealand": {
        "attack": 0.8913252122817719,
        "defense": 1.4280337043541236,
        "formation": "4-3-3",
        "rank": 50
      },
      "Norway": {
        "attack": 1.840582365342246,
        "defense": 1.0140372794837726,
        "formation": "4-3-3",
        "rank": 21
      },
      "Panama": {
        "attack": 0.6120544537601845,
        "defense": 1.3288524086386562,
        "formation": "4-2-3-1",
        "rank": 38
      },
      "Paraguay": {
        "attack": 0.9838602199399142,
        "defense": 1.2976553004706997,
        "formation": "4-2-3-1",
        "rank": 39
      },
      "Portugal": {
        "attack": 1.8317242157177651,
        "defense": 0.741980151301906,
        "formation": "4-3-3",
        "rank": 6
      },
      "Qatar": {
        "attack": 0.7948591094223473,
        "defense": 1.3066676487158393,
        "formation": "3-5-2",
        "rank": 37
      },
      "Saudi Arabia": {
        "attack": 0.8534590856842194,
        "defense": 0.8865589750498499,
        "formation": "4-3-3",
        "rank": 34
      },
      "Scotland": {
        "attack": 0.9364928228942232,
        "defense": 0.8161748108872762,
        "formation": "3-4-2-1",
        "rank": 29
      },
      "Senegal": {
        "attack": 1.361603470302238,
        "defense": 1.0691688062146696,
        "formation": "4-3-3",
        "rank": 17
      },
      "South Africa": {
        "attack": 0.5740608328398987,
        "defense": 1.2682598223006707,
        "formation": "4-2-3-1",
        "rank": 47
      },
      "South Korea": {
        "attack": 1.3432003410060616,
        "defense": 1.1293949925890592,
        "formation": "4-2-3-1",
        "rank": 24
      },
      "Spain": {
        "attack": 1.4184651603320526,
        "defense": 0.6096259493092816,
        "formation": "4-3-3",
        "rank": 3
      },
      "Sweden": {
        "attack": 2.3797608428484764,
        "defense": 1.1674305913487601,
        "formation": "4-2-3-1",
        "rank": 23
      },
      "Switzerland": {
        "attack": 1.3076798324297567,
        "defense": 1.0438381300204942,
        "formation": "3-4-2-1",
        "rank": 18
      },
      "Tunisia": {
        "attack": 0.9106272031401437,
        "defense": 1.316710857300004,
        "formation": "4-3-3",
        "rank": 31
      },
      "T\u00fcrkiye": {
        "attack": 0.9548479540781384,
        "defense": 1.3394062259045518,
        "formation": "4-2-3-1",
        "rank": 26
      },
      "USA": {
        "attack": 1.532532792844228,
        "defense": 0.9525038934706856,
        "formation": "4-3-3",
        "rank": 15
      },
      "Uruguay": {
        "attack": 1.1471555984555313,
        "defense": 0.7074786750592489,
        "formation": "4-3-3",
        "rank": 12
      },
      "Uzbekistan": {
        "attack": 0.936400759156241,
        "defense": 1.367679590829564,
        "formation": "3-4-2-1",
        "rank": 42
      }
    }
  },
  "bivariate": {
    "log_covariance": -2.6582404567374236,
    "home_advantage_multiplier": 1.142156872884867,
    "beta_hot": -0.01214741750196242,
    "teams": {
      "Algeria": {
        "attack": 1.026151247415866,
        "defense": 1.066419198473692
      },
      "Argentina": {
        "attack": 2.1714319522764467,
        "defense": 0.5016629876109117
      },