{
  "dixon_coles": {
    "rho": -0.11719794252732563,
    "home_advantage_multiplier": 1.1804560791613177,
    "beta_hot": -0.07280456439858027,
    "beta_injury": 0.22291358864938152,
    "teams": {
      "Algeria": {
        "attack": 1.305465242230372,
        "defense": 0.8081613362207994,
        "formation": "4-3-3",
        "rank": 32,
        "injury_rate": 0.07692307692307693
      },
      "Argentina": {
        "attack": 1.9858036095918357,
        "defense": 0.6110638657222651,
        "formation": "4-3-3",
        "rank": 1,
        "injury_rate": 0.07692307692307693
      },
      "Australia": {
        "attack": 1.1648662580269897,
        "defense": 0.7450892606524706,
        "formation": "4-2-3-1",
        "rank": 25,
        "injury_rate": 0.19230769230769232
      },
      "Austria": {
        "attack": 1.4991954665794476,
        "defense": 0.7591149021689789,
        "formation": "4-2-3-1",
        "rank": 22,
        "injury_rate": 0.11538461538461539
      },
      "Belgium": {
        "attack": 1.428081334013038,
        "defense": 0.6531012906249449,
        "formation": "4-2-3-1",
        "rank": 8,
        "injury_rate": 0.19230769230769232
      },
      "Bosnia and Herzegovina": {
        "attack": 0.8333022398283569,
        "defense": 1.1914699421211596,
        "formation": "4-2-3-1",
        "rank": 45,
        "injury_rate": 0.038461538461538464
      },
      "Brazil": {
        "attack": 1.8968526558209076,
        "defense": 0.6832802051106374,
        "formation": "4-2-3-1",
        "rank": 5,
        "injury_rate": 0.11538461538461539
      },
      "Canada": {
        "attack": 0.853935113293037,
        "defense": 1.0057363238678436,
        "formation": "3-4-2-1",
        "rank": 35,
        "injury_rate": 0.11538461538461539
      },
      "Cape Verde": {
        "attack": 0.6261738113870114,
        "defense": 0.8919733979653409,
        "formation": "4-3-3",
        "rank": 44,
        "injury_rate": 0.19230769230769232
      },
      "Colombia": {
        "attack": 1.539123763770356,
        "defense": 0.6493543598813324,
        "formation": "4-2-3-1",
        "rank": 14,
        "injury_rate": 0.3076923076923077
      },
      "Croatia": {
        "attack": 1.4948051028289517,
        "defense": 0.7082595252146491,
        "formation": "4-3-3",
        "rank": 9,
        "injury_rate": 0.19230769230769232
      },
      "Cura\u00e7ao": {
        "attack": 0.9333005988247167,
        "defense": 2.8434062478592597,
        "formation": "4-3-3",
        "rank": 48,
        "injury_rate": 0.23076923076923078
      },
      "Czechia": {
        "attack": 0.9657080857454802,
        "defense": 1.1656854219645085,
        "formation": "3-4-1-2",
        "rank": 28,
        "injury_rate": 0.15384615384615385
      },
      "DR Congo": {
        "attack": 0.7624310270547032,
        "defense": 1.1338113837533015,
        "formation": "4-2-3-1",
        "rank": 43,
        "injury_rate": 0.11538461538461539
      },
      "Ecuador": {
        "attack": 0.8123029486701925,
        "defense": 0.6424867417877885,
        "formation": "4-3-3",
        "rank": 27,
        "injury_rate": 0.19230769230769232
      },
      "Egypt": {
        "attack": 1.1721525067278782,
        "defense": 0.9777957439127725,
        "formation": "4-3-3",
        "rank": 30,
        "injury_rate": 0.038461538461538464
      },
      "England": {
        "attack": 1.7467049840536395,
        "defense": 0.6361197856547824,
        "formation": "4-2-3-1",
        "rank": 4,
        "injury_rate": 0.23076923076923078
      },
      "France": {
        "attack": 2.055735318402056,
        "defense": 0.6548040294422504,
        "formation": "4-2-3-1",
        "rank": 2,
        "injury_rate": 0.3076923076923077
      },
      "Germany": {
        "attack": 2.109850559936768,
        "defense": 0.8748477881215636,
        "formation": "4-2-3-1",
        "rank": 11,
        "injury_rate": 0.19230769230769232
      },
      "Ghana": {
        "attack": 0.9339443903600484,
        "defense": 1.3970737779996643,
        "formation": "4-2-3-1",
        "rank": 46,
        "injury_rate": 0.07692307692307693
      },
      "Haiti": {
        "attack": 0.549307922127095,
        "defense": 1.3170458075881692,
        "formation": "4-2-3-1",
        "rank": 49,
        "injury_rate": 0.19230769230769232
      },
      "Iran": {
        "attack": 1.1343079096495228,
        "defense": 1.3358194621219048,
        "formation": "4-2-3-1",
        "rank": 20,
        "injury_rate": 0.15384615384615385
      },
      "Iraq": {
        "attack": 0.6664110069569386,
        "defense": 1.100073459146934,
        "formation": "4-2-3-1",
        "rank": 40,
        "injury_rate": 0.07692307692307693
      },
      "Ivory Coast": {
        "attack": 1.191178012986879,
        "defense": 0.6314701625647253,
        "formation": "4-3-3",
        "rank": 33,
        "injury_rate": 0.07692307692307693
      },
      "Japan": {
        "attack": 1.717314630842937,
        "defense": 0.785037804017674,
        "formation": "4-2-3-1",
        "rank": 19,
        "injury_rate": 0.15384615384615385
      },
      "Jordan": {
        "attack": 0.9342968478280449,
        "defense": 1.4643148093070024,
        "formation": "3-4-2-1",
        "rank": 41,
        "injury_rate": 0.23076923076923078
      },
      "Mexico": {
        "attack": 1.1972667881250525,
        "defense": 0.877468128628931,
        "formation": "4-2-3-1",
        "rank": 36,
        "injury_rate": 0.15384615384615385
      },
      "Morocco": {
        "attack": 1.3139746334749662,
        "defense": 0.5990266831277882,
        "formation": "4-3-3",
        "rank": 13,
        "injury_rate": 0.11538461538461539
      },
      "Netherlands": {
        "attack": 2.025194735446068,
        "defense": 0.8734875645145641,
        "formation": "3-4-3",
        "rank": 7,
        "injury_rate": 0.07692307692307693
      },
      "New Zealand": {
        "attack": 0.7782256508008097,
        "defense": 1.4040440349063763,
        "formation": "4-3-3",
        "rank": 50,
        "injury_rate": 0.038461538461538464
      },
      "Norway": {
        "attack": 1.2530235762360553,
        "defense": 0.90737817327993,
        "formation": "4-3-3",
        "rank": 21,
        "injury_rate": 0.038461538461538464
      },
      "Panama": {
        "attack": 0.8412523389346098,
        "defense": 1.3594205062700024,
        "formation": "4-2-3-1",
        "rank": 38,
        "injury_rate": 0.038461538461538464
      },
      "Paraguay": {
        "attack": 0.9584112029944647,
        "defense": 1.284299078033642,
        "formation": "4-2-3-1",
        "rank": 39,
        "injury_rate": 0.23076923076923078
      },
      "Portugal": {
        "attack": 2.023539286599747,
        "defense": 0.6646446725558529,
        "formation": "4-3-3",
        "rank": 6,
        "injury_rate": 0.038461538461538464
      },
      "Qatar": {
        "attack": 0.8056616143804712,
        "defense": 1.2834559205210434,
        "formation": "3-5-2",
        "rank": 37,
        "injury_rate": 0.11538461538461539
      },
      "Saudi Arabia": {
        "attack": 0.8454323279257303,
        "defense": 0.8946920083757025,
        "formation": "4-3-3",
        "rank": 34,
        "injury_rate": 0.07692307692307693
      },
      "Scotland": {
        "attack": 0.9430965705096145,
        "defense": 0.8270751469196087,
        "formation": "3-4-2-1",
        "rank": 29,
        "injury_rate": 0.07692307692307693
      },
      "Senegal": {
        "attack": 1.2949544569035905,
        "defense": 0.9649538664743589,
        "formation": "4-3-3",
        "rank": 17,
        "injury_rate": 0.15384615384615385
      },
      "South Africa": {
        "attack": 0.5527578619713861,
        "defense": 1.2292855737280628,
        "formation": "4-2-3-1",
        "rank": 47,
        "injury_rate": 0.2692307692307692
      },