{
  "dixon_coles": {
    "rho": -0.1299529341774328,
    "home_advantage_multiplier": 1.1546231462509953,
    "beta_hot": 0.0432719106100374,
    "teams": {
      "Algeria": {
        "attack": 0.9994023994655846,
        "defense": 1.0503102608225094,
        "formation": "4-3-3",
        "rank": 32
      },
      "Argentina": {
        "attack": 2.21603286899337,
        "defense": 0.5159412681939595,
        "formation": "4-3-3",
        "rank": 1
      },
      "Australia": {
        "attack": 1.0312820814868306,
        "defense": 0.8281082238355957,
        "formation": "4-2-3-1",
        "rank": 25
      },
      "Austria": {
        "attack": 1.6369465959330851,
        "defense": 0.8304058852070939,
        "formation": "4-2-3-1",
        "rank": 22
      },
      "Belgium": {
        "attack": 1.0641023957425786,
        "defense": 0.5569022566026287,
        "formation": "4-2-3-1",
        "rank": 8
      },
      "Bosnia and Herzegovina": {
        "attack": 0.8937568121511711,
        "defense": 1.4390752202500803,
        "formation": "4-2-3-1",
        "rank": 45
      },
      "Brazil": {
        "attack": 1.9894800970021982,
        "defense": 0.6303398913737212,
        "formation": "4-2-3-1",
        "rank": 5
      },
      "Canada": {
        "attack": 1.3909717824139023,
        "defense": 0.8974303325096924,
        "formation": "3-4-2-1",
        "rank": 35
      },
      "Cape Verde": {
        "attack": 1.016235536230049,
        "defense": 0.8795892133143566,
        "formation": "4-3-3",
        "rank": 44
      },
      "Colombia": {
        "attack": 1.8095272650699215,
        "defense": 0.6933031627827617,
        "formation": "4-2-3-1",
        "rank": 14
      },
      "Croatia": {
        "attack": 1.8108658966857782,
        "defense": 0.9529769234643518,
        "formation": "4-3-3",
        "rank": 9
      },
      "Cura\u00e7ao": {
        "attack": 0.8149370507036116,
        "defense": 2.1451046320484766,
        "formation": "4-3-3",
        "rank": 48
      },
      "Czechia": {
        "attack": 0.9219756330401431,
        "defense": 1.2815283815845842,
        "formation": "3-4-1-2",
        "rank": 28
      },
      "DR Congo": {
        "attack": 0.8954720556650962,
        "defense": 0.8578461912979197,
        "formation": "4-2-3-1",
        "rank": 43
      },
      "Ecuador": {
        "attack": 0.5668929458148403,
        "defense": 0.5638084270130826,
        "formation": "4-3-3",
        "rank": 27
      },
      "Egypt": {
        "attack": 1.3676455096752451,
        "defense": 1.0064510394610857,
        "formation": "4-3-3",
        "rank": 30
      },
      "England": {
        "attack": 2.463597119102391,
        "defense": 0.7485959293369063,
        "formation": "4-2-3-1",
        "rank": 4
      },
      "France": {
        "attack": 2.275946489749546,
        "defense": 0.6499715084703804,
        "formation": "4-2-3-1",
        "rank": 2
      },
      "Germany": {
        "attack": 2.560452258263866,
        "defense": 0.846760506924658,
        "formation": "4-2-3-1",
        "rank": 11
      },
      "Ghana": {
        "attack": 0.8861903234007804,
        "defense": 1.1426032688781647,
        "formation": "4-2-3-1",
        "rank": 46
      },
      "Haiti": {
        "attack": 0.48408980519439304,
        "defense": 1.4384718682976014,
        "formation": "4-2-3-1",
        "rank": 49
      },
      "Iran": {
        "attack": 0.9298753732781195,
        "defense": 1.048946907373293,
        "formation": "4-2-3-1",
        "rank": 20
      },
      "Iraq": {
        "attack": 0.7244455921003509,
        "defense": 1.63975814619931,
        "formation": "4-2-3-1",
        "rank": 40
      },
      "Ivory Coast": {
        "attack": 1.208926983295004,
        "defense": 0.7164669168152363,
        "formation": "4-3-3",
        "rank": 33
      },
      "Japan": {
        "attack": 2.014547926293636,
        "defense": 0.6629391852794616,
        "formation": "4-2-3-1",
        "rank": 19
      },
      "Jordan": {
        "attack": 0.9210899905430273,
        "defense": 1.6029068651661877,
        "formation": "3-4-2-1",
        "rank": 41
      },
      "Mexico": {
        "attack": 1.1387128800670472,
        "defense": 0.7146067583759645,
        "formation": "4-2-3-1",
        "rank": 36
      },
      "Morocco": {
        "attack": 1.3220967576873786,
        "defense": 0.5232428220152577,
        "formation": "4-3-3",
        "rank": 13
      },
      "Netherlands": {
        "attack": 2.311587134585758,
        "defense": 0.7479870562302873,
        "formation": "3-4-3",
        "rank": 7
      },
      "New Zealand": {
        "attack": 0.9691756901964184,
        "defense": 1.7416513330387324,
        "formation": "4-3-3",
        "rank": 50
      },
      "Norway": {
        "attack": 1.7547631147712646,
        "defense": 1.008906921605953,
        "formation": "4-3-3",
        "rank": 21
      },
      "Panama": {
        "attack": 0.6321771304173807,
        "defense": 1.2635927188705596,
        "formation": "4-2-3-1",
        "rank": 38
      },
      "Paraguay": {
        "attack": 0.9658222207664701,
        "defense": 1.0912033365394562,
        "formation": "4-2-3-1",
        "rank": 39
      },
      "Portugal": {
        "attack": 1.7992058349972495,
        "defense": 0.7202997137115402,
        "formation": "4-3-3",
        "rank": 6
      },
      "Qatar": {
        "attack": 0.6807920261835463,
        "defense": 1.9261427247189986,
        "formation": "3-5-2",
        "rank": 37
      },
      "Saudi Arabia": {
        "attack": 0.7497093449274496,
        "defense": 1.174233114606664,
        "formation": "4-3-3",
        "rank": 34
      },
      "Scotland": {
        "attack": 0.8152276563037621,
        "defense": 0.7959259267289741,
        "formation": "3-4-2-1",
        "rank": 29
      },
      "Senegal": {
        "attack": 1.321204817775231,
        "defense": 1.0507449223963945,
        "formation": "4-3-3",
        "rank": 17
      },
      "South Africa": {
        "attack": 0.6476920309478114,
        "defense": 1.2281989404608604,
        "formation": "4-2-3-1",
        "rank": 47
      },
      "South Korea": {
        "attack": 1.1108955406934158,
        "defense": 1.0419180277763798,
        "formation": "4-2-3-1",
        "rank": 24
      },
      "Spain": {
        "attack": 1.8395186038703264,
        "defense": 0.5150009617491149,
        "formation": "4-3-3",
        "rank": 3
      },
      "Sweden": {
        "attack": 2.0153626926920034,
        "defense": 1.612816433495586,
        "formation": "4-2-3-1",
        "rank": 23
      },
      "Switzerland": {
        "attack": 1.5164216227382634,
        "defense": 1.0520416091748155,
        "formation": "3-4-2-1",
        "rank": 18
      },
      "Tunisia": {
        "attack": 0.7075546624195906,
        "defense": 1.5273412904405195,
        "formation": "4-3-3",
        "rank": 31
      },
      "T\u00fcrkiye": {
        "attack": 0.676998034405037,
        "defense": 1.2796811270937913,
        "formation": "4-2-3-1",
        "rank": 26
      },
      "USA": {
        "attack": 1.6867268443808063,
        "defense": 0.8105644265743693,
        "formation": "4-3-3",
        "rank": 15
      },
      "Uruguay": {
        "attack": 1.3022068574598629,
        "defense": 0.8814975209660658,
        "formation": "4-3-3",
        "rank": 12
      },
      "Uzbekistan": {
        "attack": 0.92519367893158,
        "defense": 1.3435837521049225,
        "formation": "3-4-2-1",
        "rank": 42
      }
    }
  },
  "bivariate": {
    "log_covariance": -2.9798909869554655,
    "home_advantage_multiplier": 1.1602409172005077,
    "beta_hot": 0.042394868274691334,
    "teams": {
      "Algeria": {
        "attack": 0.9795315716805812,
        "defense": 1.0595035088501872
      },
      "Argentina": {
        "attack": 2.203286655179594,