{
  "dixon_coles": {
    "rho": -0.1156675845697819,
    "home_advantage_multiplier": 1.1546406514677678,
    "beta_hot": -0.07604140934511093,
    "beta_injury": 0.2396900833832623,
    "teams": {
      "Algeria": {
        "attack": 1.1388155364820949,
        "defense": 0.9713297632642244,
        "formation": "4-3-3",
        "rank": 32,
        "injury_rate": 0.07692307692307693
      },
      "Argentina": {
        "attack": 2.1486384494807598,
        "defense": 0.5551536910880079,
        "formation": "4-3-3",
        "rank": 1,
        "injury_rate": 0.07692307692307693
      },
      "Australia": {
        "attack": 1.174831659847036,
        "defense": 0.7366215721357073,
        "formation": "4-2-3-1",
        "rank": 25,
        "injury_rate": 0.19230769230769232
      },
      "Austria": {
        "attack": 1.6073040741345785,
        "defense": 0.7768070930888569,
        "formation": "4-2-3-1",
        "rank": 22,
        "injury_rate": 0.11538461538461539
      },
      "Belgium": {
        "attack": 1.4322608823135978,
        "defense": 0.6503566917258847,
        "formation": "4-2-3-1",
        "rank": 8,
        "injury_rate": 0.19230769230769232
      },
      "Bosnia and Herzegovina": {
        "attack": 0.8361655822678012,
        "defense": 1.188870949010003,
        "formation": "4-2-3-1",
        "rank": 45,
        "injury_rate": 0.038461538461538464
      },
      "Brazil": {
        "attack": 1.9098275680496097,
        "defense": 0.6819056498594434,
        "formation": "4-2-3-1",
        "rank": 5,
        "injury_rate": 0.11538461538461539
      },
      "Canada": {
        "attack": 0.8641412544756373,
        "defense": 1.000180572428623,
        "formation": "3-4-2-1",
        "rank": 35,
        "injury_rate": 0.11538461538461539
      },
      "Cape Verde": {
        "attack": 0.6229772922585738,
        "defense": 0.8996874704636918,
        "formation": "4-3-3",
        "rank": 44,
        "injury_rate": 0.19230769230769232
      },
      "Colombia": {
        "attack": 1.538708183644946,
        "defense": 0.6426023115642409,
        "formation": "4-2-3-1",
        "rank": 14,
        "injury_rate": 0.3076923076923077
      },
      "Croatia": {
        "attack": 1.505870494133332,
        "defense": 0.7011065908852044,
        "formation": "4-3-3",
        "rank": 9,
        "injury_rate": 0.19230769230769232
      },
      "Cura\u00e7ao": {
        "attack": 0.936540860576483,
        "defense": 2.8199833694137975,
        "formation": "4-3-3",
        "rank": 48,
        "injury_rate": 0.23076923076923078
      },
      "Czechia": {
        "attack": 0.9699295457600243,
        "defense": 1.1690057717317952,
        "formation": "3-4-1-2",
        "rank": 28,
        "injury_rate": 0.15384615384615385
      },
      "DR Congo": {
        "attack": 0.7504314791131361,
        "defense": 1.14492888750046,
        "formation": "4-2-3-1",
        "rank": 43,
        "injury_rate": 0.11538461538461539
      },
      "Ecuador": {
        "attack": 0.8126914310485454,
        "defense": 0.6397115099736334,
        "formation": "4-3-3",
        "rank": 27,
        "injury_rate": 0.19230769230769232
      },
      "Egypt": {
        "attack": 1.158687486965218,
        "defense": 0.9822307814654515,
        "formation": "4-3-3",
        "rank": 30,
        "injury_rate": 0.038461538461538464
      },
      "England": {
        "attack": 1.7516817419030821,
        "defense": 0.6299848802597235,
        "formation": "4-2-3-1",
        "rank": 4,
        "injury_rate": 0.19230769230769232
      },
      "France": {
        "attack": 2.1649080449309825,
        "defense": 0.6579255044702094,
        "formation": "4-2-3-1",
        "rank": 2,
        "injury_rate": 0.3076923076923077
      },
      "Germany": {
        "attack": 2.127338951406403,
        "defense": 0.870793143948104,
        "formation": "4-2-3-1",
        "rank": 11,
        "injury_rate": 0.19230769230769232
      },
      "Ghana": {
        "attack": 0.9320908121537389,
        "defense": 1.4039287981079902,
        "formation": "4-2-3-1",
        "rank": 46,
        "injury_rate": 0.07692307692307693
      },
      "Haiti": {
        "attack": 0.5509187344614305,
        "defense": 1.3142040330766942,
        "formation": "4-2-3-1",
        "rank": 49,
        "injury_rate": 0.19230769230769232
      },
      "Iran": {
        "attack": 1.1217411542237687,
        "defense": 1.33890751190624,
        "formation": "4-2-3-1",
        "rank": 20,
        "injury_rate": 0.15384615384615385
      },
      "Iraq": {
        "attack": 0.7097650966080613,
        "defense": 1.4264965308282471,
        "formation": "4-2-3-1",
        "rank": 40,
        "injury_rate": 0.07692307692307693
      },
      "Ivory Coast": {
        "attack": 1.1895685674877452,
        "defense": 0.6318214684148818,
        "formation": "4-3-3",
        "rank": 33,
        "injury_rate": 0.07692307692307693
      },
      "Japan": {
        "attack": 1.7254868748930767,
        "defense": 0.7860181128335171,
        "formation": "4-2-3-1",
        "rank": 19,
        "injury_rate": 0.15384615384615385
      },
      "Jordan": {
        "attack": 0.9393354737519598,
        "defense": 1.5375412603801695,
        "formation": "3-4-2-1",
        "rank": 41,
        "injury_rate": 0.23076923076923078
      },
      "Mexico": {
        "attack": 1.2024569233059696,
        "defense": 0.8716025021525483,
        "formation": "4-2-3-1",
        "rank": 36,
        "injury_rate": 0.15384615384615385
      },
      "Morocco": {
        "attack": 1.3069667602834378,
        "defense": 0.5918108701434089,
        "formation": "4-3-3",
        "rank": 13,
        "injury_rate": 0.11538461538461539
      },
      "Netherlands": {
        "attack": 2.017249824864398,
        "defense": 0.8576821733841099,
        "formation": "3-4-3",
        "rank": 7,
        "injury_rate": 0.07692307692307693
      },
      "New Zealand": {
        "attack": 0.7779813433900554,
        "defense": 1.3912345015704801,
        "formation": "4-3-3",
        "rank": 50,
        "injury_rate": 0.038461538461538464
      },
      "Norway": {
        "attack": 1.6689056314982615,
        "defense": 0.9599039991109114,
        "formation": "4-3-3",
        "rank": 21,
        "injury_rate": 0.038461538461538464
      },
      "Panama": {
        "attack": 0.8456644602036822,
        "defense": 1.359344178997248,
        "formation": "4-2-3-1",
        "rank": 38,
        "injury_rate": 0.038461538461538464
      },
      "Paraguay": {
        "attack": 0.9639648792908547,
        "defense": 1.2837757944780512,
        "formation": "4-2-3-1",
        "rank": 39,
        "injury_rate": 0.23076923076923078
      },
      "Portugal": {
        "attack": 2.0397332741065393,
        "defense": 0.6652984012346963,
        "formation": "4-3-3",
        "rank": 6,
        "injury_rate": 0.038461538461538464
      },
      "Qatar": {
        "attack": 0.7977351666341553,
        "defense": 1.2819060373952487,
        "formation": "3-5-2",
        "rank": 37,
        "injury_rate": 0.11538461538461539
      },
      "Saudi Arabia": {
        "attack": 0.829463624257966,
        "defense": 0.8899087641947836,
        "formation": "4-3-3",
        "rank": 34,
        "injury_rate": 0.07692307692307693
      },
      "Scotland": {
        "attack": 0.947025916161013,
        "defense": 0.816676003766025,
        "formation": "3-4-2-1",
        "rank": 29,
        "injury_rate": 0.07692307692307693
      },
      "Senegal": {
        "attack": 1.3109999398836258,
        "defense": 1.0463517281793882,
        "formation": "4-3-3",
        "rank": 17,
        "injury_rate": 0.15384615384615385
      },
      "South Africa": {
        "attack": 0.5523024720628918,
        "defense": 1.2438364908579918,
        "formation": "4-2-3-1",
        "rank": 47,
        "injury_rate": 0.2692307692307692
      },