{
  "dixon_coles": {
    "rho": -0.08899627025223382,
    "home_advantage_multiplier": 1.188008739131471,
    "beta_hot": 0.06291577019240326,
    "beta_injury": 0.2012267024159579,
    "teams": {
      "Algeria": {
        "attack": 1.2866750560260587,
        "defense": 0.8187536183039001,
        "formation": "4-3-3",
        "rank": 32,
        "injury_rate": 0.07692307692307693
      },
      "Argentina": {
        "attack": 1.9935993672844294,
        "defense": 0.6039948488335913,
        "formation": "4-3-3",
        "rank": 1,
        "injury_rate": 0.07692307692307693
      },
      "Australia": {
        "attack": 1.146870900330815,
        "defense": 0.8058092082253717,
        "formation": "4-2-3-1",
        "rank": 25,
        "injury_rate": 0.19230769230769232
      },
      "Austria": {
        "attack": 1.510196907374962,
        "defense": 0.7610080279191932,
        "formation": "4-2-3-1",
        "rank": 22,
        "injury_rate": 0.11538461538461539
      },
      "Belgium": {
        "attack": 1.5363152579848083,
        "defense": 0.630910454392851,
        "formation": "4-2-3-1",
        "rank": 8,
        "injury_rate": 0.19230769230769232
      },
      "Bosnia and Herzegovina": {
        "attack": 0.7951931904032331,
        "defense": 1.204680603970458,
        "formation": "4-2-3-1",
        "rank": 45,
        "injury_rate": 0.038461538461538464
      },
      "Brazil": {
        "attack": 1.9224965979671396,
        "defense": 0.6621047170694092,
        "formation": "4-2-3-1",
        "rank": 5,
        "injury_rate": 0.11538461538461539
      },
      "Canada": {
        "attack": 0.8515867112654351,
        "defense": 0.9766884073673512,
        "formation": "3-4-2-1",
        "rank": 35,
        "injury_rate": 0.11538461538461539
      },
      "Cape Verde": {
        "attack": 0.694576080561818,
        "defense": 1.2430378054951188,
        "formation": "4-3-3",
        "rank": 44,
        "injury_rate": 0.19230769230769232
      },
      "Colombia": {
        "attack": 1.5430740561661773,
        "defense": 0.6280299562231271,
        "formation": "4-2-3-1",
        "rank": 14,
        "injury_rate": 0.3076923076923077
      },
      "Croatia": {
        "attack": 1.5099021717991976,
        "defense": 0.6918495981707484,
        "formation": "4-3-3",
        "rank": 9,
        "injury_rate": 0.19230769230769232
      },
      "Cura\u00e7ao": {
        "attack": 0.8767025706975518,
        "defense": 2.5500110353140086,
        "formation": "4-3-3",
        "rank": 48,
        "injury_rate": 0.23076923076923078
      },
      "Czechia": {
        "attack": 0.9718771832578316,
        "defense": 1.0768744192387658,
        "formation": "3-4-1-2",
        "rank": 28,
        "injury_rate": 0.15384615384615385
      },
      "DR Congo": {
        "attack": 0.7535541134041138,
        "defense": 1.1232220758202232,
        "formation": "4-2-3-1",
        "rank": 43,
        "injury_rate": 0.11538461538461539
      },
      "Ecuador": {
        "attack": 0.8650284834077108,
        "defense": 0.6199437624856755,
        "formation": "4-3-3",
        "rank": 27,
        "injury_rate": 0.19230769230769232
      },
      "Egypt": {
        "attack": 1.0699493915816998,
        "defense": 1.0217479287716051,
        "formation": "4-3-3",
        "rank": 30,
        "injury_rate": 0.038461538461538464
      },
      "England": {
        "attack": 1.746845625530432,
        "defense": 0.6344224350178111,
        "formation": "4-2-3-1",
        "rank": 4,
        "injury_rate": 0.23076923076923078
      },
      "France": {
        "attack": 2.0469293293816073,
        "defense": 0.6406150503994185,
        "formation": "4-2-3-1",
        "rank": 2,
        "injury_rate": 0.3076923076923077
      },
      "Germany": {
        "attack": 1.9898623965568991,
        "defense": 0.8406036291908695,
        "formation": "4-2-3-1",
        "rank": 11,
        "injury_rate": 0.19230769230769232
      },
      "Ghana": {
        "attack": 0.9169987028023502,
        "defense": 1.3748133827822635,
        "formation": "4-2-3-1",
        "rank": 46,
        "injury_rate": 0.07692307692307693
      },
      "Haiti": {
        "attack": 0.6342376977305941,
        "defense": 1.3970673693209659,
        "formation": "4-2-3-1",
        "rank": 49,
        "injury_rate": 0.19230769230769232
      },
      "Iran": {
        "attack": 1.0326849416732407,
        "defense": 1.1576800073348337,
        "formation": "4-2-3-1",
        "rank": 20,
        "injury_rate": 0.15384615384615385
      },
      "Iraq": {
        "attack": 0.6615921793575184,
        "defense": 1.0836475903063583,
        "formation": "4-2-3-1",
        "rank": 40,
        "injury_rate": 0.07692307692307693
      },
      "Ivory Coast": {
        "attack": 1.1460437722457661,
        "defense": 0.7105146331959274,
        "formation": "4-3-3",
        "rank": 33,
        "injury_rate": 0.07692307692307693
      },
      "Japan": {
        "attack": 1.6505363749345003,
        "defense": 0.7402774473543936,
        "formation": "4-2-3-1",
        "rank": 19,
        "injury_rate": 0.15384615384615385
      },
      "Jordan": {
        "attack": 0.9277789119900224,
        "defense": 1.4609504165440657,
        "formation": "3-4-2-1",
        "rank": 41,
        "injury_rate": 0.23076923076923078
      },
      "Mexico": {
        "attack": 1.086946002271074,
        "defense": 0.89901136123455,
        "formation": "4-2-3-1",
        "rank": 36,
        "injury_rate": 0.15384615384615385
      },
      "Morocco": {
        "attack": 1.2969279766307376,
        "defense": 0.5927364035627113,
        "formation": "4-3-3",
        "rank": 13,
        "injury_rate": 0.11538461538461539
      },
      "Netherlands": {
        "attack": 1.9491454188462782,
        "defense": 0.8212816898371116,
        "formation": "3-4-3",
        "rank": 7,
        "injury_rate": 0.07692307692307693
      },
      "New Zealand": {
        "attack": 0.6024460129151318,
        "defense": 1.3300623918947199,
        "formation": "4-3-3",
        "rank": 50,
        "injury_rate": 0.038461538461538464
      },
      "Norway": {
        "attack": 1.2508849273278557,
        "defense": 0.9175650657933074,
        "formation": "4-3-3",
        "rank": 21,
        "injury_rate": 0.038461538461538464
      },
      "Panama": {
        "attack": 0.8380785508791996,
        "defense": 1.3662202213830854,
        "formation": "4-2-3-1",
        "rank": 38,
        "injury_rate": 0.038461538461538464
      },
      "Paraguay": {
        "attack": 0.9374033850671664,
        "defense": 1.0894814697080157,
        "formation": "4-2-3-1",
        "rank": 39,
        "injury_rate": 0.23076923076923078
      },
      "Portugal": {
        "attack": 1.9825888765974646,
        "defense": 0.6459221115411928,
        "formation": "4-3-3",
        "rank": 6,
        "injury_rate": 0.038461538461538464
      },
      "Qatar": {
        "attack": 0.7912911458448988,
        "defense": 1.3550099216493448,
        "formation": "3-5-2",
        "rank": 37,
        "injury_rate": 0.11538461538461539
      },
      "Saudi Arabia": {
        "attack": 0.764367777682153,
        "defense": 0.8748375336290557,
        "formation": "4-3-3",
        "rank": 34,
        "injury_rate": 0.07692307692307693
      },
      "Scotland": {
        "attack": 0.97887237977648,
        "defense": 0.8747415479337979,
        "formation": "3-4-2-1",
        "rank": 29,
        "injury_rate": 0.07692307692307693
      },
      "Senegal": {
        "attack": 1.2380792493920396,
        "defense": 0.9496455188077316,
        "formation": "4-3-3",
        "rank": 17,
        "injury_rate": 0.15384615384615385
      },
      "South Africa": {
        "attack": 0.6127698366049692,
        "defense": 1.1965368031135157,
        "formation": "4-2-3-1",
        "rank": 47,
        "injury_rate": 0.2692307692307692
      },