{
  "dixon_coles": {
    "rho": -0.12992518046168772,
    "home_advantage_multiplier": 1.2072793031430131,
    "beta_hot": 0.05253547243301265,
    "teams": {
      "Algeria": {
        "attack": 1.0883774828412502,
        "defense": 1.0409435348320364,
        "formation": "4-3-3",
        "rank": 32
      },
      "Argentina": {
        "attack": 2.298457585199555,
        "defense": 0.4325605792096055,
        "formation": "4-3-3",
        "rank": 1
      },
      "Australia": {
        "attack": 0.8682157718557115,
        "defense": 0.7175423651950952,
        "formation": "4-2-3-1",
        "rank": 25
      },
      "Austria": {
        "attack": 1.428756719562841,
        "defense": 0.8298194980806807,
        "formation": "4-2-3-1",
        "rank": 22
      },
      "Belgium": {
        "attack": 1.0365526844335944,
        "defense": 0.5697090407383394,
        "formation": "4-2-3-1",
        "rank": 8
      },
      "Bosnia and Herzegovina": {
        "attack": 1.0967730382822307,
        "defense": 1.4634662837017332,
        "formation": "4-2-3-1",
        "rank": 45
      },
      "Brazil": {
        "attack": 2.044425245515124,
        "defense": 0.5559986868571886,
        "formation": "4-2-3-1",
        "rank": 5
      },
      "Canada": {
        "attack": 1.2484508558220362,
        "defense": 0.9482993395998152,
        "formation": "3-4-2-1",
        "rank": 35
      },
      "Cape Verde": {
        "attack": 1.0155994089508944,
        "defense": 0.8688798567945937,
        "formation": "4-3-3",
        "rank": 44
      },
      "Colombia": {
        "attack": 1.6416866891468045,
        "defense": 0.622317862769247,
        "formation": "4-2-3-1",
        "rank": 14
      },
      "Croatia": {
        "attack": 1.5955471177727654,
        "defense": 0.930926157204372,
        "formation": "4-3-3",
        "rank": 9
      },
      "Cura\u00e7ao": {
        "attack": 0.6583918255984199,
        "defense": 2.0079712817456334,
        "formation": "4-3-3",
        "rank": 48
      },
      "Czechia": {
        "attack": 0.8454884438300619,
        "defense": 1.4650168016103218,
        "formation": "3-4-1-2",
        "rank": 28
      },
      "DR Congo": {
        "attack": 0.7253853664310995,
        "defense": 0.7252308831688169,
        "formation": "4-2-3-1",
        "rank": 43
      },
      "Ecuador": {
        "attack": 0.752553878624533,
        "defense": 0.5326576105933584,
        "formation": "4-3-3",
        "rank": 27
      },
      "Egypt": {
        "attack": 1.3385001377933121,
        "defense": 1.0099759588412398,
        "formation": "4-3-3",
        "rank": 30
      },
      "England": {
        "attack": 1.9501141863955862,
        "defense": 0.7075635880328369,
        "formation": "4-2-3-1",
        "rank": 4
      },
      "France": {
        "attack": 2.119922806847654,
        "defense": 0.6029690648821168,
        "formation": "4-2-3-1",
        "rank": 2
      },
      "Germany": {
        "attack": 2.587643510262572,
        "defense": 1.0700375976421082,
        "formation": "4-2-3-1",
        "rank": 11
      },
      "Ghana": {
        "attack": 0.8069739105596008,
        "defense": 0.8155497142486542,
        "formation": "4-2-3-1",
        "rank": 46
      },
      "Haiti": {
        "attack": 0.8027176745489355,
        "defense": 1.7644273447473204,
        "formation": "4-2-3-1",
        "rank": 49
      },
      "Iran": {
        "attack": 0.8775104487951978,
        "defense": 1.099651229817014,
        "formation": "4-2-3-1",
        "rank": 20
      },
      "Iraq": {
        "attack": 0.6097741634425266,
        "defense": 1.5173920540016061,
        "formation": "4-2-3-1",
        "rank": 40
      },
      "Ivory Coast": {
        "attack": 1.0912615290572667,
        "defense": 0.6320217673480149,
        "formation": "4-3-3",
        "rank": 33
      },
      "Japan": {
        "attack": 1.7230507034926117,
        "defense": 0.6428497998131596,
        "formation": "4-2-3-1",
        "rank": 19
      },
      "Jordan": {
        "attack": 0.9169871211607051,
        "defense": 1.7286702340769893,
        "formation": "3-4-2-1",
        "rank": 41
      },
      "Mexico": {
        "attack": 1.2736300220448658,
        "defense": 0.6606662321594216,
        "formation": "4-2-3-1",
        "rank": 36
      },
      "Morocco": {
        "attack": 1.5857759945070782,
        "defense": 0.7014124506460998,
        "formation": "4-3-3",
        "rank": 13
      },
      "Netherlands": {
        "attack": 2.2394319578620094,
        "defense": 0.8057041998046474,
        "formation": "3-4-3",
        "rank": 7
      },
      "New Zealand": {
        "attack": 0.9607533493779478,
        "defense": 1.7893768166657664,
        "formation": "4-3-3",
        "rank": 50
      },
      "Norway": {
        "attack": 1.9802141881241566,
        "defense": 1.144796675228493,
        "formation": "4-3-3",
        "rank": 21
      },
      "Panama": {
        "attack": 0.5580346344518835,
        "defense": 1.0946439629061855,
        "formation": "4-2-3-1",
        "rank": 38
      },
      "Paraguay": {
        "attack": 0.8163048022596098,
        "defense": 0.8989235683766548,
        "formation": "4-2-3-1",
        "rank": 39
      },
      "Portugal": {
        "attack": 2.1467861772635173,
        "defense": 0.6493023007417414,
        "formation": "4-3-3",
        "rank": 6
      },
      "Qatar": {
        "attack": 0.6665497751188537,
        "defense": 2.0576287052893107,
        "formation": "3-5-2",
        "rank": 37
      },
      "Saudi Arabia": {
        "attack": 0.7344990285368712,
        "defense": 1.1722668691352058,
        "formation": "4-3-3",
        "rank": 34
      },
      "Scotland": {
        "attack": 0.6633640875323358,
        "defense": 0.8970732990734211,
        "formation": "3-4-2-1",
        "rank": 29
      },
      "Senegal": {
        "attack": 1.4363003832740482,
        "defense": 1.2007020937817416,
        "formation": "4-3-3",
        "rank": 17
      },
      "South Africa": {
        "attack": 0.6884164360267047,
        "defense": 0.9477076667139283,
        "formation": "4-2-3-1",
        "rank": 47
      },
      "South Korea": {
        "attack": 0.9370847470340032,
        "defense": 1.0554652828156155,
        "formation": "4-2-3-1",
        "rank": 24
      },
      "Spain": {
        "attack": 1.8155808929487383,
        "defense": 0.5109632833093107,
        "formation": "4-3-3",
        "rank": 3
      },
      "Sweden": {
        "attack": 1.879222260608407,
        "defense": 1.3266124156458665,
        "formation": "4-2-3-1",
        "rank": 23
      },
      "Switzerland": {
        "attack": 1.558747627305365,
        "defense": 0.9439279322244114,
        "formation": "3-4-2-1",
        "rank": 18
      },
      "Tunisia": {
        "attack": 0.8089932038480538,
        "defense": 1.5583886832061407,
        "formation": "4-3-3",
        "rank": 31
      },
      "T\u00fcrkiye": {
        "attack": 1.1569714802075863,
        "defense": 1.2569316542902451,
        "formation": "4-2-3-1",
        "rank": 26
      },
      "USA": {
        "attack": 1.6461566331064144,
        "defense": 1.0739756447857434,
        "formation": "4-3-3",
        "rank": 15
      },
      "Uruguay": {
        "attack": 1.3339574507538143,
        "defense": 0.884621988666366,
        "formation": "4-3-3",
        "rank": 12
      },
      "Uzbekistan": {
        "attack": 0.7814703453278024,
        "defense": 1.7133972647664368,
        "formation": "3-4-2-1",
        "rank": 42
      }
    }
  },
  "bivariate": {
    "log_covariance": -2.9436268437175284,
    "home_advantage_multiplier": 1.213411871573867,
    "beta_hot": 0.05782767964366561,
    "teams": {
      "Algeria": {
        "attack": 1.0663727770843736,
        "defense": 1.0435410128126958
      },
      "Argentina": {
        "attack": 2.2907147703076856,