{
  "dixon_coles": {
    "rho": -0.11716833402708492,
    "home_advantage_multiplier": 1.1806079204888051,
    "beta_hot": -0.07279212281821902,
    "beta_injury": 0.22181421825769643,
    "teams": {
      "Algeria": {
        "attack": 1.3051868679395602,
        "defense": 0.8083056564185765,
        "formation": "4-3-3",
        "rank": 32,
        "injury_rate": 0.07692307692307693
      },
      "Argentina": {
        "attack": 1.985589730818666,
        "defense": 0.6111106650170929,
        "formation": "4-3-3",
        "rank": 1,
        "injury_rate": 0.07692307692307693
      },
      "Australia": {
        "attack": 1.1649495682555762,
        "defense": 0.7452425845766183,
        "formation": "4-2-3-1",
        "rank": 25,
        "injury_rate": 0.19230769230769232
      },
      "Austria": {
        "attack": 1.4989920907736685,
        "defense": 0.759245191862454,
        "formation": "4-2-3-1",
        "rank": 22,
        "injury_rate": 0.11538461538461539
      },
      "Belgium": {
        "attack": 1.428169720129808,
        "defense": 0.6532015043215474,
        "formation": "4-2-3-1",
        "rank": 8,
        "injury_rate": 0.19230769230769232
      },
      "Bosnia and Herzegovina": {
        "attack": 0.8332141766834692,
        "defense": 1.1916644727608472,
        "formation": "4-2-3-1",
        "rank": 45,
        "injury_rate": 0.038461538461538464
      },
      "Brazil": {
        "attack": 1.896728885632339,
        "defense": 0.6833575565436419,
        "formation": "4-2-3-1",
        "rank": 5,
        "injury_rate": 0.11538461538461539
      },
      "Canada": {
        "attack": 0.8539019797917194,
        "defense": 1.0058558644652593,
        "formation": "3-4-2-1",
        "rank": 35,
        "injury_rate": 0.11538461538461539
      },
      "Cape Verde": {
        "attack": 0.6262843442700828,
        "defense": 0.8921764333914776,
        "formation": "4-3-3",
        "rank": 44,
        "injury_rate": 0.19230769230769232
      },
      "Colombia": {
        "attack": 1.5392760691109477,
        "defense": 0.6494329644141034,
        "formation": "4-2-3-1",
        "rank": 14,
        "injury_rate": 0.3076923076923077
      },
      "Croatia": {
        "attack": 1.4948684942124026,
        "defense": 0.7083338918342559,
        "formation": "4-3-3",
        "rank": 9,
        "injury_rate": 0.19230769230769232
      },
      "Cura\u00e7ao": {
        "attack": 0.9331978268934245,
        "defense": 2.8431818130082447,
        "formation": "4-3-3",
        "rank": 48,
        "injury_rate": 0.23076923076923078
      },
      "Czechia": {
        "attack": 0.9657792246498328,
        "defense": 1.1657349006647402,
        "formation": "3-4-1-2",
        "rank": 28,
        "injury_rate": 0.15384615384615385
      },
      "DR Congo": {
        "attack": 0.7624230707646686,
        "defense": 1.1339106977665518,
        "formation": "4-2-3-1",
        "rank": 43,
        "injury_rate": 0.11538461538461539
      },
      "Ecuador": {
        "attack": 0.8123778430876837,
        "defense": 0.6426228836073998,
        "formation": "4-3-3",
        "rank": 27,
        "injury_rate": 0.19230769230769232
      },
      "Egypt": {
        "attack": 1.1719565915248218,
        "defense": 0.9778668793592533,
        "formation": "4-3-3",
        "rank": 30,
        "injury_rate": 0.038461538461538464
      },
      "England": {
        "attack": 1.75816187477397,
        "defense": 0.6361501975337105,
        "formation": "4-2-3-1",
        "rank": 4,
        "injury_rate": 0.19230769230769232
      },
      "France": {
        "attack": 2.0558990244108064,
        "defense": 0.6549249291295136,
        "formation": "4-2-3-1",
        "rank": 2,
        "injury_rate": 0.3076923076923077
      },
      "Germany": {
        "attack": 2.1099457948441738,
        "defense": 0.8749900915304752,
        "formation": "4-2-3-1",
        "rank": 11,
        "injury_rate": 0.19230769230769232
      },
      "Ghana": {
        "attack": 0.9337942600365927,
        "defense": 1.3971300794666988,
        "formation": "4-2-3-1",
        "rank": 46,
        "injury_rate": 0.07692307692307693
      },
      "Haiti": {
        "attack": 0.549420497323801,
        "defense": 1.3171557494826966,
        "formation": "4-2-3-1",
        "rank": 49,
        "injury_rate": 0.19230769230769232
      },
      "Iran": {
        "attack": 1.1343067938387286,
        "defense": 1.3360612640885767,
        "formation": "4-2-3-1",
        "rank": 20,
        "injury_rate": 0.15384615384615385
      },
      "Iraq": {
        "attack": 0.6664959547079166,
        "defense": 1.1001745315216938,
        "formation": "4-2-3-1",
        "rank": 40,
        "injury_rate": 0.07692307692307693
      },
      "Ivory Coast": {
        "attack": 1.1909582396973324,
        "defense": 0.6317040496516187,
        "formation": "4-3-3",
        "rank": 33,
        "injury_rate": 0.07692307692307693
      },
      "Japan": {
        "attack": 1.7172052116042913,
        "defense": 0.7851740679273455,
        "formation": "4-2-3-1",
        "rank": 19,
        "injury_rate": 0.15384615384615385
      },
      "Jordan": {
        "attack": 0.934293521184498,
        "defense": 1.464295911579994,
        "formation": "3-4-2-1",
        "rank": 41,
        "injury_rate": 0.23076923076923078
      },
      "Mexico": {
        "attack": 1.197184503367053,
        "defense": 0.8775888141431862,
        "formation": "4-2-3-1",
        "rank": 36,
        "injury_rate": 0.15384615384615385
      },
      "Morocco": {
        "attack": 1.3139634947306145,
        "defense": 0.5991349900766292,
        "formation": "4-3-3",
        "rank": 13,
        "injury_rate": 0.11538461538461539
      },
      "Netherlands": {
        "attack": 2.0249075765372773,
        "defense": 0.8735607793811181,
        "formation": "3-4-3",
        "rank": 7,
        "injury_rate": 0.07692307692307693
      },
      "New Zealand": {
        "attack": 0.7781239390870909,
        "defense": 1.4043539422336444,
        "formation": "4-3-3",
        "rank": 50,
        "injury_rate": 0.038461538461538464
      },
      "Norway": {
        "attack": 1.2528824692832357,
        "defense": 0.9074073678935911,
        "formation": "4-3-3",
        "rank": 21,
        "injury_rate": 0.038461538461538464
      },
      "Panama": {
        "attack": 0.8412123756700776,
        "defense": 1.359460726432299,
        "formation": "4-2-3-1",
        "rank": 38,
        "injury_rate": 0.038461538461538464
      },
      "Paraguay": {
        "attack": 0.9583902089855723,
        "defense": 1.2843838277172361,
        "formation": "4-2-3-1",
        "rank": 39,
        "injury_rate": 0.23076923076923078
      },
      "Portugal": {
        "attack": 2.023251170663149,
        "defense": 0.6646701079585231,
        "formation": "4-3-3",
        "rank": 6,
        "injury_rate": 0.038461538461538464
      },
      "Qatar": {
        "attack": 0.8056605088412343,
        "defense": 1.2835393208100103,
        "formation": "3-5-2",
        "rank": 37,
        "injury_rate": 0.11538461538461539
      },
      "Saudi Arabia": {
        "attack": 0.8454030305769425,
        "defense": 0.8948038115732744,
        "formation": "4-3-3",
        "rank": 34,
        "injury_rate": 0.07692307692307693
      },
      "Scotland": {
        "attack": 0.9431017325423345,
        "defense": 0.8272508450170661,
        "formation": "3-4-2-1",
        "rank": 29,
        "injury_rate": 0.07692307692307693
      },
      "Senegal": {
        "attack": 1.2949501961760885,
        "defense": 0.9652318060212751,
        "formation": "4-3-3",
        "rank": 17,
        "injury_rate": 0.15384615384615385
      },
      "South Africa": {
        "attack": 0.5528861168768603,
        "defense": 1.2293847518098528,
        "formation": "4-2-3-1",
        "rank": 47,
        "injury_rate": 0.2692307692307692
      },